{"stats":{"minecraft:mined":{"minecraft:acacia_log":6,"minecraft:grass":4,"minecraft:dirt":2,"minecraft:tall_grass":2,"minecraft:smoker":1,"minecraft:stone":57,"minecraft:diorite":2,"minecraft:crafting_table":1},"minecraft:broken":{"minecraft:wooden_pickaxe":1},"minecraft:picked_up":{"minecraft:crafting_table":1,"minecraft:acacia_log":6,"minecraft:smoker":1,"minecraft:bread":1,"minecraft:diorite":2,"minecraft:dirt":2,"minecraft:cobblestone":57},"minecraft:crafted":{"minecraft:acacia_planks":24,"minecraft:stick":4,"minecraft:stone_pickaxe":1,"minecraft:wooden_pickaxe":1},"minecraft:custom":{"minecraft:open_barrel":8,"minecraft:time_since_rest":10591,"minecraft:open_chest":22,"minecraft:play_one_minute":10591,"minecraft:crouch_one_cm":166,"minecraft:sprint_one_cm":15880,"minecraft:walk_one_cm":14709,"minecraft:sneak_time":38,"minecraft:drop":1,"minecraft:jump":99,"minecraft:eat_cake_slice":1,"minecraft:leave_game":1,"minecraft:time_since_death":10591,"minecraft:interact_with_crafting_table":4,"minecraft:fall_one_cm":836,"minecraft:fly_one_cm":19559},"minecraft:used":{"minecraft:dirt":2,"minecraft:crafting_table":1,"minecraft:bread":1,"minecraft:stone_pickaxe":1,"minecraft:wooden_pickaxe":59},"minecraft:dropped":{"minecraft:diorite":2}},"DataVersion":2586}